"hdi_rank","country","hdi_1990","hdi_2000","hdi_2010","hdi_2015","hdi_2019","hdi_2020","hdi_2021","hdi_2022","rank_change_2015_2022","avg_growth_1990_2000","avg_growth_2000_2010","avg_growth_2010_2022","avg_growth_1990_2022","tier_hdi","iso3c"
1,"Switzerland",0.85,0.885,0.94,0.952,0.96,0.957,0.965,0.967,0,0.404328164884271,0.604743537446506,0.236267173609628,0.4038198701805,"Very High","CHE"
2,"Norway",0.845,0.914,0.938,0.952,0.961,0.963,0.964,0.966,-1,0.788028166853239,0.259529972991968,0.245416364209028,0.41908573988827,"Very High","NOR"
3,"Iceland",0.834,0.895,0.927,0.948,0.958,0.955,0.957,0.959,0,0.708400528389341,0.351916249196393,0.283212869686689,0.437383970323757,"Very High","ISL"
4,"Hong Kong, China (SAR)",0.739,0.831,0.914,0.936,0.953,0.955,0.959,0.956,2,1.18022912388975,0.956553774585744,0.375096245043482,0.807807776860225,"Very High","HKG"
5,"Denmark",0.839,0.89,0.913,0.936,0.946,0.946,0.947,0.952,1,0.591852127181269,0.25546994844936,0.349184518616275,0.395637864420317,"Very High","DNK"
5,"Sweden",0.808,0.903,0.91,0.937,0.947,0.944,0.949,0.952,0,1.11780623339881,0.0772502836129396,0.376711407791475,0.513824876283819,"Very High","SWE"
7,"Germany",0.828,0.89,0.929,0.941,0.951,0.948,0.948,0.95,-3,0.724696389599844,0.429793736235107,0.186450651644021,0.430451386349473,"Very High","DEU"
7,"Ireland",0.743,0.851,0.908,0.924,0.942,0.945,0.946,0.95,8,1.36641207025396,0.65042865970939,0.377524217465552,0.770975389487694,"Very High","IRL"
9,"Singapore",0.78,0.863,0.921,0.935,0.945,0.942,0.942,0.949,-1,1.01633769621314,0.652573494320485,0.249884712328829,0.614740819736714,"Very High","SGP"
10,"Australia",0.864,0.896,0.924,0.933,0.941,0.948,0.949,0.946,-1,0.364338546876875,0.308190520155382,0.196279855636239,0.283744921806584,"Very High","AUS"
10,"Netherlands",0.847,0.892,0.917,0.932,0.941,0.938,0.941,0.946,1,0.518996524453197,0.276795770823979,0.25979602648627,0.346040700695061,"Very High","NLD"
12,"Belgium",0.814,0.884,0.913,0.924,0.936,0.93,0.938,0.942,3,0.828379195629392,0.323309701603791,0.260918083471084,0.457433386186934,"Very High","BEL"
12,"Finland",0.811,0.887,0.912,0.93,0.939,0.939,0.941,0.942,0,0.899793301309337,0.278336717014316,0.270074750720606,0.469025310422255,"Very High","FIN"
12,"Liechtenstein",NA,0.871,0.916,0.926,0.94,0.933,0.936,0.942,2,NA,0.505014800859338,0.233513134076357,NA,"Very High","LIE"
15,"United Kingdom",0.804,0.863,0.913,0.923,0.933,0.92,0.931,0.94,3,0.71066756030902,0.564800915091923,0.243161782123247,0.489571397737332,"Very High","GBR"
16,"New Zealand",0.812,0.894,0.924,0.933,0.937,0.935,0.936,0.939,-7,0.966696969210568,0.330608272272714,0.134285144920199,0.455142450632584,"Very High","NZL"
17,"United Arab Emirates",0.717,0.79,0.828,0.86,0.933,0.93,0.931,0.937,19,0.974286616645115,0.47090738948723,1.03591321002483,0.839779787823391,"Very High","ARE"
18,"Canada",0.861,0.89,0.911,0.927,0.932,0.928,0.934,0.935,-5,0.331818887059221,0.233486501520042,0.216931891062422,0.257994812997597,"Very High","CAN"
19,"Korea (Republic of)",0.731,0.824,0.89,0.908,0.922,0.922,0.926,0.929,3,1.20477029087607,0.773485389992001,0.358033381151901,0.75186012735049,"Very High","KOR"
20,"Luxembourg",0.793,0.864,0.912,0.914,0.925,0.921,0.927,0.927,-1,0.861182495263635,0.542136482688238,0.136038911521608,0.489099530737058,"Very High","LUX"
20,"United States",0.875,0.894,0.916,0.924,0.933,0.923,0.921,0.927,-5,0.21504978924265,0.243401636993945,0.0995261685516002,0.180568075694554,"Very High","USA"
22,"Austria",0.823,0.87,0.903,0.91,0.92,0.916,0.92,0.926,-1,0.556915148412895,0.372987290441462,0.209817152353087,0.369173629481434,"Very High","AUT"
22,"Slovenia",NA,0.823,0.89,0.903,0.918,0.91,0.916,0.926,1,NA,0.785723351938739,0.330986320039539,NA,"Very High","SVN"
24,"Japan",0.846,0.883,0.903,0.913,0.918,0.917,0.92,0.92,-4,0.428975888636862,0.224224536198991,0.155546820649866,0.262388357387455,"Very High","JPN"
25,"Israel",0.781,0.835,0.887,0.899,0.909,0.906,0.911,0.915,-1,0.670805639852379,0.605961135882516,0.259328032985406,0.496066717651966,"Very High","ISR"
25,"Malta",0.726,0.779,0.862,0.887,0.905,0.901,0.912,0.915,3,0.707098529557215,1.01758478487626,0.498478244535838,0.725664181557129,"Very High","MLT"
27,"Spain",0.762,0.828,0.868,0.889,0.904,0.894,0.904,0.911,0,0.834125589508328,0.472900263272291,0.403739361922373,0.559673922688164,"Very High","ESP"
28,"France",0.79,0.844,0.88,0.893,0.905,0.9,0.906,0.91,-3,0.663386214396922,0.41856768653199,0.279746328812425,0.4428892873233,"Very High","FRA"
29,"Cyprus",0.733,0.797,0.859,0.874,0.901,0.9,0.901,0.907,3,0.840603162018061,0.751955524158632,0.454140842417394,0.667834976902304,"Very High","CYP"
30,"Italy",0.78,0.842,0.88,0.881,0.899,0.892,0.899,0.906,0,0.767793478749712,0.442394620764497,0.242939609286941,0.469050948545924,"Very High","ITA"
31,"Estonia",0.741,0.798,0.864,0.883,0.893,0.891,0.89,0.899,-2,0.743832513231002,0.797807370461467,0.331467021557841,0.605835332317839,"Very High","EST"
32,"Czechia",0.748,0.81,0.872,0.891,0.896,0.891,0.891,0.895,-6,0.799491699139998,0.740278374706427,0.21718796516903,0.562264620658648,"Very High","CZE"
33,"Greece",0.762,0.818,0.874,0.881,0.89,0.887,0.887,0.893,-3,0.711678287686568,0.6643776521436,0.17937906895662,0.496980952599868,"Very High","GRC"
34,"Bahrain",0.733,0.775,0.807,0.859,0.888,0.884,0.884,0.888,3,0.558728371810679,0.405426025878142,0.800252327345441,0.60125671381368,"Very High","BHR"
35,"Andorra",NA,0.815,0.863,0.856,0.865,0.843,0.855,0.884,3,NA,0.573906347009312,0.200553937209014,NA,"Very High","AND"
36,"Poland",0.715,0.794,0.845,0.869,0.88,0.874,0.876,0.881,-2,1.053520036379,0.624473416702354,0.348280078691587,0.654555044344796,"Very High","POL"
37,"Latvia",0.732,0.761,0.827,0.853,0.873,0.873,0.865,0.879,2,0.389284189194483,0.835181716176336,0.5094617207964,0.57352710435381,"Very High","LVA"
37,"Lithuania",0.74,0.769,0.846,0.865,0.886,0.88,0.875,0.879,-2,0.385147627623916,0.958851708211883,0.319388445465285,0.539370365961656,"Very High","LTU"
39,"Croatia",NA,0.764,0.824,0.844,0.866,0.86,0.867,0.878,6,NA,0.758892510403419,0.530368699266481,NA,"Very High","HRV"
40,"Qatar",0.764,0.793,0.829,0.852,0.869,0.863,0.864,0.875,0,0.373249170932777,0.444956338981028,0.451045254220439,0.424825138130447,"Very High","QAT"
40,"Saudi Arabia",0.699,0.746,0.805,0.842,0.862,0.861,0.867,0.875,6,0.652870548666518,0.764071010445733,0.697266402192587,0.704259399735885,"Very High","SAU"
42,"Portugal",0.703,0.793,0.831,0.85,0.864,0.861,0.865,0.874,0,1.21194859157916,0.46916287096328,0.421306517707998,0.682705770192893,"Very High","PRT"
43,"San Marino",0.841,0.875,0.901,0.872,0.861,0.844,0.853,0.867,-10,0.39710865907403,0.293242830595042,-0.320039119744042,0.0951931449646448,"Very High","SMR"
44,"Chile",0.705,0.763,0.813,0.846,0.859,0.849,0.856,0.86,0,0.793735797014739,0.636749467276476,0.469442442161561,0.622978069158164,"Very High","CHL"
45,"Slovakia",NA,0.761,0.841,0.852,0.863,0.86,0.852,0.855,-5,NA,1.00459553970003,0.137676428461964,NA,"Very High","SVK"
45,"Türkiye",0.598,0.669,0.75,0.821,0.842,0.835,0.841,0.855,9,1.1282503338347,1.14944742053107,1.09788519501735,1.12348520463006,"Very High","TUR"
47,"Hungary",0.721,0.773,0.829,0.839,0.854,0.849,0.846,0.851,0,0.698829610359386,0.701862656905705,0.218504819922116,0.519384748160245,"Very High","HUN"
48,"Argentina",0.724,0.78,0.834,0.85,0.853,0.841,0.844,0.849,-6,0.747807491384322,0.67164028144453,0.148658587095807,0.498952498897287,"Very High","ARG"
49,"Kuwait",0.698,0.78,0.811,0.829,0.838,0.826,0.836,0.847,0,1.11693988022654,0.390501823541456,0.362594460092924,0.606461551246174,"Very High","KWT"
50,"Montenegro",NA,NA,0.806,0.827,0.841,0.832,0.84,0.844,1,NA,NA,0.384644131455136,NA,"Very High","MNE"
51,"Saint Kitts and Nevis",NA,NA,0.79,0.829,0.838,0.832,0.832,0.838,-2,NA,NA,0.492753012741831,NA,"Very High","KNA"
52,"Uruguay",0.702,0.754,0.785,0.807,0.818,0.82,0.814,0.83,8,0.717148924082966,0.403726285421646,0.465597075542923,0.524785628520341,"Very High","URY"
53,"Romania",0.709,0.721,0.813,0.813,0.834,0.828,0.825,0.827,3,0.167977031152389,1.20815971667416,0.142381144806736,0.482250253049399,"Very High","ROU"
54,"Antigua and Barbuda",NA,NA,0.808,0.818,0.831,0.82,0.819,0.826,1,NA,NA,0.183774617278853,NA,"Very High","ATG"
55,"Brunei Darussalam",0.779,0.789,0.825,0.832,0.827,0.827,0.824,0.823,-7,0.127634132869558,0.447167478114019,-0.0202245017186242,0.171851103822096,"Very High","BRN"
56,"Russian Federation",0.741,0.733,0.797,0.823,0.839,0.826,0.818,0.821,-3,-0.108490340724599,0.840603162018061,0.247542804696454,0.32089653709737,"Very High","RUS"
57,"Bahamas",0.76,0.788,0.8,0.807,0.802,0.798,0.799,0.82,3,0.362451839564426,0.151250646684287,0.205983626984274,0.237738109252139,"Very High","BHS"
57,"Panama",0.672,0.722,0.775,0.802,0.82,0.809,0.813,0.82,5,0.720249391989536,0.710893842891203,0.471452112373805,0.623957303099276,"Very High","PAN"
59,"Oman",NA,0.702,0.798,0.824,0.841,0.823,0.81,0.819,-7,NA,1.29000158334356,0.216696835652197,NA,"Very High","OMN"
60,"Georgia",NA,0.694,0.763,0.798,0.816,0.807,0.809,0.814,4,NA,0.952367134345211,0.540642347101961,NA,"Very High","GEO"
60,"Trinidad and Tobago",0.656,0.708,0.785,0.812,0.813,0.815,0.804,0.814,-3,0.765750031309409,1.03774383783111,0.302762805416767,0.676652697753055,"Very High","TTO"
62,"Barbados",0.728,0.76,0.792,0.798,0.806,0.803,0.803,0.809,2,0.431100426699227,0.413281246586616,0.177136077962503,0.330224885181507,"Very High","BRB"
63,"Malaysia",0.649,0.726,0.768,0.792,0.805,0.802,0.798,0.807,6,1.12748168057544,0.563981605042585,0.413635914297838,0.683232681049084,"Very High","MYS"
64,"Costa Rica",0.659,0.709,0.769,0.792,0.811,0.811,0.804,0.806,5,0.734000595210737,0.815662981319609,0.392374221598746,0.631234591053209,"Very High","CRI"
65,"Serbia",NA,0.689,0.768,0.794,0.812,0.806,0.804,0.805,3,NA,1.09139738031938,0.39287427115211,NA,"Very High","SRB"
66,"Thailand",0.581,0.663,0.743,0.789,0.801,0.8,0.797,0.803,6,1.32899601327534,1.14572426012736,0.649254153187329,1.01639290359983,"Very High","THA"
67,"Kazakhstan",0.672,0.68,0.766,0.799,0.81,0.806,0.801,0.802,-4,0.118414631296559,1.19801308823242,0.38345362713359,0.554187051909327,"Very High","KAZ"
67,"Seychelles",NA,0.755,0.774,0.797,0.808,0.799,0.795,0.802,-1,NA,0.24885036319906,0.296578378353418,NA,"Very High","SYC"
69,"Belarus",NA,0.708,0.79,0.809,0.81,0.8,0.801,0.801,-11,NA,1.10191537163571,0.115299765858312,NA,"Very High","BLR"
70,"Bulgaria",0.698,0.723,0.79,0.809,0.813,0.802,0.796,0.799,-12,0.352521093146407,0.890175942026028,0.0944445733696453,0.423211279634894,"High","BGR"
71,"Palau",NA,0.747,0.775,0.782,0.792,0.794,0.802,0.797,3,NA,0.36865631409404,0.233536016844038,NA,"High","PLW"
72,"Mauritius",0.62,0.682,0.755,0.791,0.806,0.792,0.79,0.796,-1,0.9576582776887,1.02206871770625,0.441651054491343,0.78393085992523,"High","MUS"
73,"Grenada",NA,NA,0.779,0.786,0.79,0.786,0.788,0.793,0,NA,NA,0.148545017008184,NA,"High","GRD"
74,"Albania",0.649,0.678,0.766,0.797,0.8,0.784,0.785,0.789,-8,0.438102588037825,1.22782545692697,0.246838738961319,0.612284357225401,"High","ALB"
75,"China",0.482,0.586,0.698,0.741,0.775,0.781,0.785,0.788,18,1.97296748893256,1.7643775768156,1.01578262488042,1.54796492850309,"High","CHN"
76,"Armenia",0.658,0.656,0.739,0.769,0.789,0.769,0.774,0.786,2,-0.0304367908809833,1.19849641548582,0.515146268019806,0.557020186434398,"High","ARM"
77,"Mexico",0.666,0.709,0.747,0.769,0.781,0.757,0.757,0.781,1,0.627619891364506,0.523461885258625,0.371605118628438,0.499008041460391,"High","MEX"
78,"Iran (Islamic Republic of)",0.613,0.692,0.756,0.782,0.785,0.779,0.776,0.78,-4,1.21958724291988,0.888477947005484,0.260777296543013,0.755744516030998,"High","IRN"
78,"Sri Lanka",0.641,0.689,0.735,0.76,0.775,0.777,0.783,0.78,6,0.724731701187231,0.648385257043227,0.49642328823114,0.615211143928418,"High","LKA"
80,"Bosnia and Herzegovina",NA,0.656,0.718,0.757,0.78,0.776,0.776,0.779,7,NA,0.90717794217352,0.681826229891613,NA,"High","BIH"
81,"Saint Vincent and the Grenadines",NA,0.691,0.756,0.777,0.789,0.785,0.773,0.772,-5,NA,0.903068806121077,0.174678834755282,NA,"High","VCT"
82,"Dominican Republic",0.579,0.646,0.707,0.739,0.765,0.76,0.756,0.766,12,1.10098700192136,0.906394723978621,0.670164820457653,0.878460049466656,"High","DOM"
83,"Ecuador",0.645,0.684,0.736,0.764,0.758,0.734,0.746,0.765,-1,0.588802676763622,0.735412987233874,0.322566756313192,0.53462880713695,"High","ECU"
83,"North Macedonia",NA,0.676,0.746,0.777,0.787,0.766,0.764,0.765,-7,NA,0.990195553761919,0.209805063655932,NA,"High","MKD"
85,"Cuba",0.684,0.694,0.779,0.765,0.766,0.759,0.742,0.764,-4,0.145245808539651,1.16209127424658,-0.161895946098423,0.346253927302675,"High","CUB"
86,"Moldova (Republic of)",0.688,0.655,0.716,0.749,0.773,0.765,0.767,0.763,5,-0.490329961556091,0.894425606680827,0.531221540522919,0.323864540850205,"High","MDA"
87,"Maldives",NA,0.635,0.692,0.728,0.753,0.737,0.753,0.762,13,NA,0.863314819581817,0.806237732936954,NA,"High","MDV"
87,"Peru",0.62,0.675,0.725,0.758,0.774,0.758,0.755,0.762,-2,0.853554306193116,0.717148924082966,0.415652288129409,0.646540726876577,"High","PER"
89,"Azerbaijan",NA,0.635,0.733,0.751,0.762,0.722,0.738,0.76,1,NA,1.44555557444488,0.301894213778442,NA,"High","AZE"
89,"Brazil",0.62,0.668,0.722,0.752,0.764,0.758,0.756,0.76,0,0.74847412369321,0.780399016147215,0.428358965294273,0.638275084155038,"High","BRA"
91,"Colombia",0.614,0.672,0.732,0.758,0.768,0.756,0.752,0.758,-6,0.906720150270468,0.858889202997282,0.291280664146143,0.660573656593111,"High","COL"
92,"Libya",0.724,0.746,0.774,0.749,0.756,0.737,0.746,0.746,-1,0.299790553959878,0.369142392297195,-0.306581354825564,0.0935881658506554,"High","LBY"
93,"Algeria",0.593,0.652,0.721,0.736,0.742,0.73,0.74,0.745,5,0.953014161857268,1.01102239635664,0.273248320335617,0.715641749301277,"High","DZA"
94,"Turkmenistan",NA,NA,0.699,0.725,0.732,0.731,0.74,0.744,7,NA,NA,0.521273029793612,NA,"High","TKM"
95,"Guyana",0.496,0.57,0.65,0.686,0.711,0.727,0.721,0.742,27,1.40031821817479,1.32202247485802,1.1092477013857,1.26662116081466,"High","GUY"
96,"Mongolia",0.579,0.595,0.7,0.739,0.749,0.74,0.73,0.741,-2,0.272961142112349,1.63846732974342,0.475462504960422,0.773911041432895,"High","MNG"
97,"Dominica",NA,0.721,0.735,0.719,0.745,0.738,0.737,0.74,8,NA,0.19249866052049,0.0565133543271257,NA,"High","DMA"
98,"Tonga",0.64,0.679,0.709,0.723,0.74,0.742,0.738,0.739,5,0.593282502648984,0.433279944723886,0.34595031835567,0.450479574127938,"High","TON"
99,"Jordan",0.622,0.681,0.727,0.738,0.744,0.74,0.736,0.736,-3,0.910340758780026,0.655782613352596,0.102582923619843,0.527291645985239,"High","JOR"
100,"Ukraine",0.731,0.698,0.766,0.764,0.774,0.762,0.755,0.734,-18,-0.460878251586372,0.933965156855154,-0.354977967597481,0.0127994717648017,"High","UKR"
101,"Tunisia",0.566,0.651,0.713,0.724,0.74,0.734,0.729,0.732,1,1.40898963334404,0.913868290696751,0.219399442011259,0.806946011310883,"High","TUN"
102,"Marshall Islands",NA,NA,NA,0.688,0.722,0.727,0.729,0.731,17,NA,NA,NA,NA,"High","MHL"
102,"Paraguay",0.604,0.656,0.7,0.738,0.746,0.742,0.73,0.731,-6,0.82928559010802,0.651307302245119,0.361762157967771,0.598154535496853,"High","PRY"
104,"Fiji",0.63,0.669,0.699,0.716,0.73,0.722,0.715,0.729,2,0.602449880939893,0.439630372366739,0.350805468560167,0.457147723478712,"High","FJI"
105,"Egypt",0.567,0.629,0.667,0.695,0.724,0.729,0.726,0.728,11,1.04312251193293,0.588311687805221,0.731923916741817,0.784126244452876,"High","EGY"
106,"Uzbekistan",NA,0.603,0.675,0.701,0.725,0.716,0.721,0.727,6,NA,1.13434033875428,0.620364561678155,NA,"High","UZB"
107,"Viet Nam",0.492,0.599,0.676,0.697,0.717,0.726,0.718,0.726,7,1.98731819678426,1.21665655566552,0.596412656655998,1.22326928419636,"High","VNM"
108,"Saint Lucia",0.666,0.692,0.731,0.736,0.733,0.724,0.717,0.725,-10,0.383697090487423,0.549780819603463,-0.0686581269732978,0.265608316510191,"High","LCA"
109,"Lebanon",NA,NA,0.749,0.756,0.76,0.742,0.725,0.723,-21,NA,NA,-0.293981702992263,NA,"High","LBN"
110,"South Africa",0.635,0.633,0.675,0.721,0.741,0.722,0.721,0.717,-6,-0.0315407923310862,0.644490647806673,0.504293548816581,0.380255022203046,"High","ZAF"
111,"Palestine, State of",NA,NA,0.688,0.71,0.739,0.715,0.715,0.716,-2,NA,NA,0.332980895687807,NA,"High","PSE"
112,"Indonesia",0.526,0.597,0.667,0.698,0.718,0.712,0.707,0.713,1,1.27420873795387,1.11489850757667,0.557308673079393,0.955095349584001,"High","IDN"
113,"Philippines",0.598,0.635,0.673,0.696,0.714,0.705,0.692,0.71,2,0.602148116289936,0.582895570852027,0.446993050119038,0.537923566440601,"High","PHL"
114,"Botswana",0.587,0.581,0.652,0.688,0.703,0.701,0.68,0.708,5,-0.102687869647067,1.15960999797671,0.689025698854562,0.587403720119339,"High","BWA"
115,"Jamaica",0.664,0.657,0.711,0.712,0.712,0.707,0.704,0.706,-7,-0.105925169562482,0.793011927693898,-0.0587926462633503,0.191849696545043,"High","JAM"
116,"Samoa",NA,0.672,0.704,0.71,0.712,0.712,0.708,0.702,-7,NA,0.46628389213812,-0.0237051243265562,NA,"High","WSM"
117,"Kyrgyzstan",0.637,0.617,0.661,0.689,0.699,0.691,0.696,0.701,1,-0.318498032147607,0.691226175567805,0.490817642803965,0.299629969248816,"High","KGZ"
118,"Belize",0.609,0.657,0.72,0.714,0.718,0.705,0.698,0.7,-11,0.76154260520529,0.919877035895622,-0.234481968589362,0.436142304546183,"High","BLZ"
119,"Venezuela (Bolivarian Republic of)",0.657,0.699,0.759,0.766,0.72,0.691,0.69,0.699,-39,0.621591146810396,0.826910525299618,-0.683909249177184,0.193833626688944,"Medium","VEN"
120,"Bolivia (Plurinational State of)",0.546,0.625,0.661,0.688,0.715,0.691,0.691,0.698,-1,1.36049842629034,0.561592955181411,0.454908773560203,0.770453230728973,"Medium","BOL"
120,"Morocco",0.448,0.525,0.604,0.656,0.684,0.683,0.688,0.698,5,1.59869484069872,1.41163006714817,1.21266811863865,1.39535124909336,"Medium","MAR"
122,"Nauru",NA,NA,0.559,0.642,0.68,0.689,0.693,0.696,9,NA,NA,1.84345386072231,NA,"Medium","NRU"
123,"Gabon",0.599,0.626,0.656,0.692,0.702,0.704,0.687,0.693,-6,0.441861069717775,0.469201497580074,0.458290371534331,0.456565351384142,"Medium","GAB"
124,"Suriname",NA,NA,0.696,0.707,0.71,0.702,0.689,0.69,-13,NA,NA,-0.0721245006283122,NA,"Medium","SUR"
125,"Bhutan",NA,NA,0.582,0.625,0.668,0.675,0.677,0.681,10,NA,NA,1.31770503235809,NA,"Medium","BTN"
126,"Tajikistan",0.616,0.548,0.631,0.651,0.668,0.656,0.677,0.679,2,-1.16290217564123,1.42029748360646,0.612830712458945,0.304757707529446,"Medium","TJK"
127,"El Salvador",0.519,0.609,0.657,0.663,0.676,0.666,0.669,0.674,-4,1.61199858112611,0.76154260520529,0.213110862654697,0.819988098268487,"Medium","SLV"
128,"Iraq",0.497,0.583,0.629,0.656,0.678,0.661,0.667,0.673,-3,1.60877525284029,0.762331768417312,0.565040976383924,0.951861985925784,"Medium","IRQ"
129,"Bangladesh",0.399,0.491,0.558,0.604,0.646,0.657,0.662,0.67,12,2.09650128774783,1.28736444297055,1.53599997505072,1.63292729842976,"Medium","BGD"
130,"Nicaragua",0.487,0.563,0.611,0.644,0.661,0.652,0.665,0.669,0,1.46072081044486,0.821529495039397,0.758588656174619,0.99718892425058,"Medium","NIC"
131,"Cabo Verde",NA,0.59,0.649,0.658,0.667,0.649,0.65,0.661,-7,NA,0.9576582776887,0.152792635412102,NA,"Medium","CPV"
132,"Tuvalu",0.564,0.599,0.623,0.656,0.654,0.655,0.653,0.653,-7,0.603889571400407,0.393621870686234,0.39269077170232,0.458933883628232,"Medium","TUV"
133,"Equatorial Guinea",NA,0.511,0.609,0.648,0.653,0.65,0.647,0.65,-4,NA,1.76996830219871,0.544427442266904,NA,"Medium","GNQ"
134,"India",0.434,0.49,0.572,0.619,0.638,0.638,0.633,0.644,4,1.221002680426,1.55936923099087,0.992894601040883,1.24093078573388,"Medium","IND"
135,"Micronesia (Federated States of)",NA,0.637,0.644,0.642,0.64,0.636,0.634,0.634,-4,NA,0.109350449376167,-0.130329760795733,NA,"Medium","FSM"
136,"Guatemala",0.49,0.551,0.613,0.629,0.645,0.638,0.63,0.629,-3,1.18020427545513,1.07200652016266,0.214950026756489,0.783446335383564,"Medium","GTM"
137,"Kiribati",NA,0.547,0.584,0.625,0.636,0.629,0.627,0.628,-2,NA,0.65666847895185,0.607162333707056,NA,"Medium","KIR"
138,"Honduras",0.513,0.553,0.596,0.61,0.629,0.621,0.62,0.624,1,0.753647296260018,0.751637373651781,0.383313618899606,0.61398509353614,"Medium","HND"
139,"Lao People's Democratic Republic",0.408,0.473,0.557,0.604,0.617,0.616,0.615,0.62,2,1.48926277283665,1.64813281412075,0.896950693819898,1.31625075754418,"Medium","LAO"
140,"Vanuatu",NA,NA,0.578,0.592,0.614,0.612,0.614,0.614,4,NA,NA,0.504778564843522,NA,"Medium","VUT"
141,"Sao Tome and Principe",0.48,0.498,0.553,0.595,0.608,0.609,0.609,0.613,2,0.368818197848619,1.05308556724861,0.862085860900108,0.767237145852584,"Medium","STP"
142,"Eswatini (Kingdom of)",0.546,0.465,0.498,0.577,0.623,0.622,0.612,0.61,5,-1.59299121885278,0.68798251525275,1.70486031968968,0.346975513156389,"Medium","SWZ"
142,"Namibia",0.595,0.549,0.584,0.627,0.638,0.634,0.616,0.61,-8,-0.801401160973969,0.619939130632474,0.363642701033018,0.0778351246419007,"Medium","NAM"
144,"Myanmar",0.333,0.407,0.506,0.557,0.608,0.615,0.599,0.608,10,2.02697667623288,2.20110955084696,1.54208777105904,1.8991601445747,"Medium","MMR"
145,"Ghana",0.445,0.5,0.571,0.586,0.599,0.601,0.6,0.602,1,1.17215468048639,1.33666567129123,0.441540560846709,0.948795176758388,"Medium","GHA"
146,"Kenya",0.48,0.487,0.545,0.575,0.604,0.599,0.596,0.601,2,0.144885048924226,1.13157109022362,0.818406954717732,0.705001109823145,"Medium","KEN"
146,"Nepal",0.395,0.461,0.543,0.568,0.598,0.593,0.591,0.601,3,1.55712152176866,1.65058688889299,0.849299713946294,1.32023024040531,"Medium","NPL"
148,"Cambodia",0.379,0.431,0.542,0.564,0.596,0.596,0.596,0.6,2,1.29401975229382,2.31803750598445,0.850795985557995,1.44595882308303,"Medium","KHM"
149,"Congo",0.541,0.509,0.581,0.61,0.596,0.598,0.598,0.593,-10,-0.607857647467924,1.3318181357135,0.170508885918608,0.287208907233039,"Medium","COG"
150,"Angola",NA,0.38,0.516,0.591,0.597,0.594,0.59,0.591,-5,NA,3.10663431092122,1.13732939950526,NA,"Medium","AGO"
151,"Cameroon",0.44,0.426,0.515,0.562,0.586,0.585,0.581,0.587,1,-0.322831581038907,1.91538818395056,1.09645009340922,0.904850786441092,"Medium","CMR"
152,"Comoros",NA,0.458,0.524,0.556,0.584,0.588,0.585,0.586,3,NA,1.35532741128777,0.936256593161766,NA,"Medium","COM"
153,"Zambia",0.417,0.418,0.528,0.563,0.574,0.569,0.565,0.569,-2,0.0239549760058022,2.36365020371037,0.625147192784858,0.975963677065517,"Medium","ZMB"
154,"Papua New Guinea",0.394,0.456,0.497,0.54,0.562,0.567,0.564,0.568,5,1.47214994059714,0.864689191033441,1.11897582558396,1.14959042362335,"Medium","PNG"
155,"Timor-Leste",NA,0.495,0.639,0.621,0.627,0.633,0.574,0.566,-18,NA,2.58634715001884,-1.0058271824398,NA,"Medium","TLS"
156,"Solomon Islands",NA,0.488,0.553,0.562,0.568,0.566,0.564,0.562,-4,NA,1.25827646954952,0.13462260474526,NA,"Medium","SLB"
157,"Syrian Arab Republic",0.563,0.587,0.661,0.552,0.564,0.561,0.558,0.557,-1,0.418324461127018,1.19436646788065,-1.41644434746008,-0.0334768584126288,"Medium","SYR"
158,"Haiti",0.441,0.485,0.449,0.549,0.559,0.557,0.551,0.552,-1,0.955576912510914,-0.768293453345492,1.73593826127778,0.704039193454609,"Medium","HTI"
159,"Uganda",0.329,0.392,0.5,0.525,0.544,0.545,0.545,0.55,2,1.76747915644275,2.46331292759643,0.797414042890376,1.61877663524568,"Medium","UGA"
159,"Zimbabwe",0.479,0.426,0.481,0.544,0.56,0.554,0.549,0.55,-1,-1.16576420507477,1.22168153990185,1.12335450261798,0.432864415757672,"Medium","ZWE"
161,"Nigeria",NA,NA,0.488,0.52,0.537,0.539,0.542,0.548,2,NA,NA,0.971016409163727,NA,"Low","NGA"
161,"Rwanda",0.32,0.328,0.485,0.509,0.531,0.535,0.539,0.548,5,0.247231239545398,3.98885336799946,1.02291634965626,1.69531728372914,"Low","RWA"
163,"Togo",0.399,0.436,0.469,0.51,0.536,0.54,0.545,0.547,2,0.890752058425259,0.732273355012225,1.29030378139063,0.990774065816979,"Low","TGO"
164,"Mauritania",0.397,0.461,0.508,0.536,0.552,0.539,0.538,0.54,-4,1.50584288749291,0.975561927115254,0.510362032622669,0.965988522564598,"Low","MRT"
164,"Pakistan",0.394,0.434,0.496,0.525,0.537,0.536,0.537,0.54,-3,0.971626180594587,1.34426905796656,0.710790985907184,0.98992462566323,"Low","PAK"
166,"Côte d'Ivoire",0.425,0.454,0.47,0.501,0.529,0.53,0.53,0.534,4,0.662263622392656,0.34695546853134,1.06953864239656,0.716009521491534,"Low","CIV"
167,"Tanzania (United Republic of)",0.366,0.396,0.493,0.507,0.533,0.535,0.529,0.532,2,0.7909201570931,2.21512717904255,0.636469541372175,1.17563867924961,"Low","TZA"
168,"Lesotho",0.479,0.456,0.47,0.508,0.528,0.53,0.522,0.521,0,-0.490869159197394,0.302856538455343,0.86217338094845,0.262999752733561,"Low","LSO"
169,"Senegal",0.371,0.388,0.47,0.501,0.514,0.514,0.512,0.517,1,0.449037937573227,1.9357712683131,0.797414042890376,1.04239804288329,"Low","SEN"
170,"Sudan",0.322,0.42,0.489,0.514,0.521,0.518,0.516,0.516,-6,2.69264546722878,1.53270504852194,0.448873398732452,1.48452122550089,"Low","SDN"
171,"Djibouti",NA,0.33,0.422,0.473,0.508,0.512,0.512,0.515,4,NA,2.48961249651378,1.67352908659426,NA,"Low","DJI"
172,"Malawi",0.299,0.378,0.461,0.498,0.514,0.512,0.509,0.508,1,2.37220581874675,2.00487137535696,0.812309849437964,1.67016219116829,"Low","MWI"
173,"Benin",0.35,0.412,0.481,0.509,0.506,0.501,0.502,0.504,-7,1.64427374923934,1.56048964501856,0.390000178873917,1.14602687305434,"Low","BEN"
174,"Gambia",0.323,0.392,0.449,0.467,0.492,0.492,0.49,0.495,5,1.95495903226262,1.3668678561888,0.816102733968682,1.34301804336161,"Low","GMB"
175,"Eritrea",NA,NA,0.458,0.473,0.487,0.49,0.49,0.493,0,NA,NA,0.615553373672006,NA,"Low","ERI"
176,"Ethiopia",NA,0.286,0.409,0.455,0.485,0.489,0.489,0.492,5,NA,3.64198626061278,1.55161073108849,NA,"Low","ETH"
177,"Liberia",NA,0.434,0.46,0.472,0.485,0.483,0.484,0.487,0,NA,0.583515411141322,0.476445020350758,NA,"Low","LBR"
177,"Madagascar",NA,0.438,0.488,0.499,0.498,0.486,0.484,0.487,-5,NA,1.08682848947377,-0.0170925621430951,NA,"Low","MDG"
179,"Guinea-Bissau",NA,NA,0.441,0.47,0.488,0.482,0.482,0.483,-1,NA,NA,0.760978991014349,NA,"Low","GNB"
180,"Congo (Democratic Republic of the)",0.377,0.376,0.424,0.457,0.476,0.477,0.475,0.481,0,-0.0265569136084109,1.20868943730956,1.05665874522254,0.764224409912284,"Low","COD"
181,"Guinea",0.27,0.345,0.415,0.449,0.47,0.471,0.467,0.471,2,2.4815140714989,1.86450993621823,1.06041272379951,1.7540691538823,"Low","GIN"
182,"Afghanistan",0.284,0.34,0.449,0.479,0.492,0.488,0.473,0.462,-8,1.81600623554248,2.81979707196851,0.238133115404526,1.53221567059385,"Low","AFG"
183,"Mozambique",0.239,0.303,0.407,0.445,0.465,0.467,0.459,0.461,1,2.40106483656057,2.99477141514686,1.04361521612915,2.07413763609512,"Low","MOZ"
184,"Sierra Leone",0.314,0.319,0.416,0.438,0.457,0.453,0.456,0.458,1,0.158106024755322,2.69049912857964,0.804753571809536,1.18659799275886,"Low","SLE"
185,"Burkina Faso",NA,0.296,0.372,0.413,0.446,0.446,0.445,0.438,2,NA,2.31165805872331,1.37034647673653,NA,"Low","BFA"
186,"Yemen",0.357,0.434,0.496,0.455,0.43,0.43,0.425,0.424,-5,1.97228505542875,1.34426905796656,-1.29851617342379,0.538939813204831,"Low","YEM"
187,"Burundi",0.285,0.298,0.404,0.42,0.423,0.419,0.419,0.42,-1,0.447039315122999,3.0899929924959,0.324189639268146,1.21913892979721,"Low","BDI"
188,"Mali",0.236,0.315,0.406,0.409,0.421,0.407,0.408,0.41,0,2.92949809700704,2.57028163159301,0.0817333843466716,1.740998473832,"Low","MLI"
189,"Chad",NA,0.292,0.364,0.388,0.398,0.396,0.393,0.394,0,NA,2.22846817221405,0.662157983449507,NA,"Low","TCD"
189,"Niger",0.212,0.26,0.336,0.367,0.39,0.391,0.389,0.394,2,2.06192343951868,2.59745618213474,1.33584160364497,1.95564143695774,"Low","NER"
191,"Central African Republic",0.333,0.319,0.357,0.367,0.391,0.389,0.387,0.387,0,-0.428592780335624,1.13180376808515,0.674673329090503,0.470736383413439,"Low","CAF"
192,"South Sudan",NA,NA,0.406,0.381,0.391,0.386,0.381,0.381,-2,NA,NA,-0.528214883672762,NA,"Low","SSD"
193,"Somalia",NA,NA,NA,NA,NA,NA,NA,0.38,NA,NA,NA,NA,NA,"Low","SOM"
NA,"Korea (Democratic People's Rep. of)",NA,NA,NA,NA,NA,NA,NA,NA,NA,NA,NA,NA,NA,NA,"PRK"
NA,"Monaco",NA,NA,NA,NA,NA,NA,NA,NA,NA,NA,NA,NA,NA,NA,"MCO"
NA,"Very high human development",0.785,0.828,0.87,0.889,0.901,0.895,0.896,0.902,NA,0.534718911647403,0.496026732181076,0.301464396176621,0.435102591676739,"Very High",NA
NA,"High human development",0.56,0.626,0.703,0.736,0.76,0.759,0.76,0.764,NA,1.12036548136976,1.16682005848576,0.695833896567755,0.975448679222035,"High",NA
NA,"Medium human development",0.443,0.497,0.574,0.615,0.635,0.634,0.63,0.64,NA,1.15684282457404,1.45081735941968,0.91111544994984,1.15631676908661,"Medium",NA
NA,"Low human development",0.354,0.398,0.473,0.501,0.516,0.515,0.515,0.517,NA,1.17844045783637,1.74142283512202,0.743982952698241,1.19061316664768,"Low",NA
NA,"Developing countries",0.513,0.569,0.639,0.672,0.691,0.689,0.688,0.694,NA,1.04143142779562,1.16699709592853,0.690435139958501,0.948836036401768,"Medium",NA
NA,"Arab States",0.55,0.615,0.672,0.691,0.709,0.704,0.704,0.704,NA,1.12330208176137,0.890300535561406,0.388419196638501,0.774420990861247,"High",NA
NA,"East Asia and the Pacific",0.507,0.594,0.689,0.728,0.757,0.76,0.761,0.766,NA,1.59628988170166,1.49467978057916,0.886749355890859,1.29794856161283,"High",NA
NA,"Europe and Central Asia",0.663,0.68,0.746,0.782,0.802,0.792,0.797,0.802,NA,0.253498846189704,0.930631716860186,0.605014595121589,0.596564958469292,"Very High",NA
NA,"Latin America and the Caribbean",0.637,0.686,0.735,0.758,0.768,0.755,0.754,0.763,NA,0.743832513231002,0.692314205934519,0.312048628509776,0.565619796466566,"High",NA
NA,"South Asia",0.444,0.5,0.574,0.616,0.635,0.635,0.631,0.641,NA,1.19491814025239,1.38978189141918,0.924245517714772,1.15412450842476,"Medium",NA
NA,"Sub-Saharan Africa",0.404,0.429,0.502,0.533,0.549,0.547,0.546,0.549,NA,0.602226546004747,1.58384393015676,0.748607508219257,0.962993362595577,"Low",NA
NA,"Least developed countries",0.354,0.408,0.487,0.518,0.54,0.542,0.54,0.542,NA,1.42982825148792,1.78572627285998,0.895669649063446,1.34005269173516,"Low",NA
NA,"Small island developing states",0.605,0.65,0.694,0.721,0.731,0.727,0.722,0.73,NA,0.720018808241418,0.657145765930967,0.422327412891521,0.588651018718656,"High",NA
NA,"Organisation for Economic Co-operation and Development",0.796,0.842,0.878,0.894,0.905,0.897,0.899,0.906,NA,0.563389386253621,0.41954342351378,0.261948423653102,0.405319582582653,"Very High",NA
NA,"World",0.601,0.645,0.698,0.724,0.739,0.736,0.735,0.739,NA,0.70905580326901,0.792814118053875,0.476789861011606,0.64803756834928,"High",NA
